month,M3-conventionnel,M3-synécole
2,3.5,4.0
3,2.9,2.9
4,3.1,3.1
5,3.4,3.3
6,3.75,4.083333333
7,4.166666667,4.5
8,3.916666667,4.083333333
9,4.166666667,4.166666667
10,4.583333333,4.583333333
