month,M4.2-conventionnel,M4.2-synécole
2,3.2,4.5
3,3.7,4.2
4,3.2,4.5
5,3.3,4.2
6,3.083333333,4.416666667
7,3.5,4.5
8,3.5,4.5
9,3.583333333,4.583333333
