month,M5-conventionnel,M5-synécole
2,3.7,4.3
3,3.8,4.5
4,3.4,4.2
5,3.3,4.3
6,3.416666667,4.5
7,3.833333333,4.5
8,3.833333333,4.5
