month,M2-conventionnel,M2-synécole
2,3.5,4.1
3,3.7,4.1
4,3.2,4.3
5,3.2,4.3
6,3.083333333,4.416666667
7,3.75,4.416666667
8,3.75,4.416666667
9,3.916666667,4.5
