month,_conventionnel,_synécole
2,3.4,4.4
3,3.5,4.0
4,3.2,4.1
5,3.3,4.1
6,3.316666667,4.4
7,3.8,4.516666667
8,3.733333333,4.383333333
9,3.85,4.483333333
10,3.95,4.716666667
