month,M4.1-conventionnel,M4.1-synécole
2,3.2,4.9
3,3.5,4.4
4,3.1,4.6
5,3.3,4.4
6,3.25,4.583333333
7,3.75,4.666666667
8,3.666666667,4.416666667
9,3.833333333,4.666666667
10,3.833333333,4.833333333
